school_id,school_name,school_name_cn,short_name
nyu,New York University,纽约大学,NYU
bu,Boston University,波士顿大学,BU
ucb,"University of California, Berkeley",加州大学伯克利分校,UCB
harvard,Harvard University,哈佛大学,Harvard
stanford,Stanford University,斯坦福大学,Stanford
mit,Massachusetts Institute of Technology,麻省理工学院,MIT
princeton,Princeton University,普林斯顿大学,Princeton
yale,Yale University,耶鲁大学,Yale
columbia,Columbia University,哥伦比亚大学,Columbia
penn,University of Pennsylvania,宾夕法尼亚大学,Penn
uchicago,University of Chicago,芝加哥大学,UChicago
ucla,"University of California, Los Angeles",加利福尼亚大学洛杉矶分校,UCLA
usc,University of Southern California,南加利福尼亚大学,USC
northwestern,Northwestern University,西北大学,Northwestern
jhu,Johns Hopkins University,约翰斯·霍普金斯大学,Johns Hopkins
cornell,Cornell University,康奈尔大学,Cornell
brown,Brown University,布朗大学,Brown
dartmouth,Dartmouth College,达特茅斯学院,Dartmouth
caltech,California Institute of Technology,加州理工学院,Caltech
cmu,Carnegie Mellon University,卡内基梅隆大学,Carnegie Mellon
michigan,University of Michigan–Ann Arbor,密歇根大学安娜堡分校,Michigan
georgetown,Georgetown University,乔治城大学,Georgetown
vanderbilt,Vanderbilt University,范德堡大学,Vanderbilt
rice,Rice University,莱斯大学,Rice
emory,Emory University,埃默里大学,Emory
washu,Washington University in St Louis,圣路易斯华盛顿大学,WashU
ucsd,"University of California, San Diego",加州大学圣迭戈分校,UC San Diego
ucsb,"University of California, Santa Barbara",加州大学圣塔芭芭拉分校,UC Santa Barbara
uci,"University of California, Irvine",加州大学欧文分校,UC Irvine
ucdavis,"University of California, Davis",加州大学戴维斯分校,UC Davis
unc,University of North Carolina at Chapel Hill,北卡罗来纳大学教堂山分校,UNC Chapel Hill
uva,University of Virginia-Main Campus,弗吉尼亚大学,UVA
duke,Duke University,杜克大学,Duke
notre_dame,University of Notre Dame,圣母大学,
penn_state,Pennsylvania State University (University Park),宾夕法尼亚州立大学（大学公园校区）,
us_131159,American University,美利坚大学,
us_164465,Amherst College,阿默斯特学院,
us_104151,Arizona State University (Campus Immersion),亚利桑那州立大学（Campus Immersion）,
us_109651,Art Center College of Design,艺术中心设计学院,
us_100858,Auburn University,奥本大学,
us_164580,Babson College,巴布森学院,
us_189088,Bard College,巴德学院,
us_189097,Barnard College,巴纳德学院,
us_160977,Bates College,贝茨学院,
us_223232,Baylor University,贝勒大学,
us_238333,Beloit College,贝洛伊特学院,
us_230816,Bennington College,本宁顿学院,
us_164739,Bentley University,本特利大学,
us_156295,Berea College,伯里亚学院,
us_164748,Berklee College of Music,伯克利音乐学院,
us_196079,Binghamton University,纽约州立大学宾汉姆顿分校,
us_142115,Boise State University,博伊西州立大学,
us_161004,Bowdoin College,鲍登学院,
us_201441,Bowling Green State University-Main Campus,鲍灵格林州立大学,BGSU
us_165015,Brandeis University,布兰迪斯大学,
us_211273,Bryn Mawr College,布林茅尔学院,
us_211291,Bucknell University,巴克内尔大学,
us_150163,Butler University,巴特勒大学,
us_111081,California Institute of the Arts,加州艺术学院,
us_110422,California Polytechnic State University-San Luis Obispo,加州州立理工大学圣路易斯奥比斯波分校,
us_110574,"California State University, East Bay",加州州立大学东湾分校,
us_110556,"California State University, Fresno",加州州立大学弗雷斯诺分校,
us_110565,"California State University, Fullerton",加州州立大学富勒顿分校,
us_110583,"California State University, Long Beach",加州州立大学长滩分校,
us_409698,"California State University, Monterey Bay",加州州立大学蒙特雷湾分校,CSUMB
us_110608,"California State University, Northridge",加州州立大学北岭分校,CSUN
us_110617,"California State University, Sacramento",加州州立大学萨克拉门托分校,
us_173258,Carleton College,卡尔顿学院,
case_western,Case Western Reserve University,凯斯西储大学,
us_111948,Chapman University,查普曼大学,
us_112260,Claremont McKenna College,克莱蒙特麦肯纳学院,
us_165334,Clark University,克拉克大学,
us_217882,Clemson University,克莱姆森大学,
us_161086,Colby College,科尔比学院,
us_190099,Colgate University,科尔盖特大学,
us_166124,College of the Holy Cross,圣十字学院,
us_126678,Colorado College,科罗拉多学院,
us_126775,Colorado School of Mines,科罗拉多矿业大学,
us_126818,Colorado State University-Fort Collins,科罗拉多州立大学（柯林斯堡校区）,
us_128902,Connecticut College,康涅狄格学院,
us_181002,Creighton University,克雷顿大学,
us_190512,CUNY Bernard M Baruch College,纽约市立大学巴鲁克学院,
us_190567,CUNY City College,纽约市立学院,
us_190594,CUNY Hunter College,纽约市立大学亨特学院,
us_211893,Curtis Institute of Music,柯蒂斯音乐学院,
us_198385,Davidson College,戴维森学院,
us_202523,Denison University,丹尼森大学,
us_144740,DePaul University,德保罗大学,
us_150400,DePauw University,迪堡大学,
us_212009,Dickinson College,迪金森学院,
us_212054,Drexel University,德雷塞尔大学,
us_165662,Emerson College,爱默生学院,
us_133669,Florida Atlantic University,佛罗里达大西洋大学,FAU
us_133951,Florida International University,佛罗里达国际大学,FIU
us_134097,Florida State University,佛罗里达州立大学,
us_191241,Fordham University,福特汉姆大学,
us_212577,Franklin and Marshall College,富兰克林与马歇尔学院,
us_232186,George Mason University,乔治梅森大学,
us_131469,George Washington University,乔治华盛顿大学,
gatech,Georgia Institute of Technology-Main Campus,佐治亚理工学院,
us_139931,Georgia Southern University,佐治亚南方大学,
us_139940,Georgia State University,佐治亚州立大学,
us_212674,Gettysburg College,葛底斯堡学院,
us_235316,Gonzaga University,贡萨加大学,
us_153384,Grinnell College,格林内尔学院,
us_191515,Hamilton College,汉密尔顿学院,
us_115409,Harvey Mudd College,哈维穆德学院,
us_212911,Haverford College,哈弗福德学院,
us_198695,High Point University,海波因特大学,HPU
us_191630,Hobart William Smith Colleges,霍巴特与威廉史密斯学院,
us_191649,Hofstra University,霍夫斯特拉大学,
us_170301,Hope College,霍普学院,
us_131520,Howard University,霍华德大学,HU
us_145725,Illinois Institute of Technology,伊利诺伊理工学院,
us_151351,Indiana University-Bloomington,印第安纳大学布卢明顿分校,
us_153603,Iowa State University,爱荷华州立大学,ISU
us_170532,Kalamazoo College,卡拉马祖学院,
us_155399,Kansas State University,堪萨斯州立大学,
us_203535,Kenyon College,凯尼恩学院,
us_169983,Kettering University,凯特林大学,
us_146427,Knox College,诺克斯学院,
us_213385,Lafayette College,拉法耶特学院,
us_239017,Lawrence University,劳伦斯大学,
us_213543,Lehigh University,里海大学,
us_159391,Louisiana State University and Agricultural & Mechanical College,路易斯安那州立大学,
us_117946,Loyola Marymount University,洛约拉马利蒙特大学,
us_146719,Loyola University Chicago,芝加哥洛约拉大学,
us_153834,Luther College,路德学院,
us_173902,Macalester College,麦卡莱斯特学院,
us_239105,Marquette University,马凯特大学,
us_140447,Mercer University,默瑟大学,
us_204024,Miami University-Oxford,迈阿密大学（俄亥俄州牛津校区）,
us_171100,Michigan State University,密歇根州立大学,
us_171128,Michigan Technological University,密歇根理工大学,
us_230959,Middlebury College,明德学院,
us_239318,Milwaukee School of Engineering,密尔沃基工程学院,MSOE
us_176080,Mississippi State University,密西西比州立大学,
us_179566,Missouri State University-Springfield,密苏里州立大学（斯普林菲尔德校区）,
us_178411,Missouri University of Science and Technology,密苏里科技大学,
us_166939,Mount Holyoke College,曼荷莲学院,MHC
us_185828,New Jersey Institute of Technology,新泽西理工学院,NJIT
us_188030,New Mexico State University-Main Campus,新墨西哥州立大学,NMSU
us_199193,North Carolina State University at Raleigh,北卡罗来纳州立大学（罗利校区）,
northeastern,Northeastern University,东北大学,
us_204501,Oberlin College,欧柏林学院,
us_120254,Occidental College,西方学院,
ohio_state,Ohio State University-Main Campus,俄亥俄州立大学（哥伦布校区）,
us_209542,Oregon State University,俄勒冈州立大学,
us_194310,Pace University,佩斯大学,
us_121150,Pepperdine University,佩珀代因大学,
us_121257,Pitzer College,匹泽学院,
us_121345,Pomona College,波莫纳学院,
us_209807,Portland State University,波特兰州立大学,
us_194578,Pratt Institute-Main,普拉特学院,
purdue,Purdue University (West Lafayette),普渡大学（西拉法叶校区）,
us_209922,Reed College,里德学院,
us_194824,Rensselaer Polytechnic Institute,伦斯勒理工学院,
us_217493,Rhode Island School of Design,罗德岛设计学院,RISD
us_221351,Rhodes College,罗兹学院,
us_195003,Rochester Institute of Technology,罗切斯特理工学院,RIT
us_136950,Rollins College,罗林斯学院,
rutgers,Rutgers University-New Brunswick,罗格斯大学新布朗斯维克分校,
us_186399,Rutgers University-Newark,罗格斯大学纽瓦克分校,
us_179159,Saint Louis University,圣路易斯大学,
us_122409,San Diego State University,圣迭戈州立大学,
us_122597,San Francisco State University,旧金山州立大学,
us_122755,San Jose State University,圣何塞州立大学,
us_122931,Santa Clara University,圣克拉拉大学,SCU
us_195304,Sarah Lawrence College,莎拉劳伦斯学院,
us_140951,Savannah College of Art and Design,萨凡纳艺术与设计学院,SCAD
us_143048,School of the Art Institute of Chicago,芝加哥艺术学院,
us_123165,Scripps College,斯克里普斯学院,
us_236595,Seattle University,西雅图大学,
us_221519,Sewanee: The University of the South,南方大学（塞沃尼）,
us_195526,Skidmore College,斯基德莫尔学院,
us_167835,Smith College,史密斯学院,
us_219356,South Dakota State University,南达科他州立大学,
us_228246,Southern Methodist University,南卫理公会大学,SMU
us_174844,St Olaf College,圣奥拉夫学院,
us_163976,St. John's College (Annapolis),圣约翰学院（安纳波利斯校区）,SJC
us_245652,St. John's College (Santa Fe),圣约翰学院（圣菲校区）,
us_186867,Stevens Institute of Technology,史蒂文斯理工学院,
us_196097,Stony Brook University,纽约州立大学石溪分校,
us_168005,Suffolk University,萨福克大学,
us_216287,Swarthmore College,斯沃斯莫尔学院,
us_196413,Syracuse University,雪城大学,
us_216339,Temple University,天普大学,
us_228723,Texas A&M University-College Station,得克萨斯农工大学（学院站校区）,
us_228875,Texas Christian University,得克萨斯基督教大学,TCU
us_228459,Texas State University,得克萨斯州立大学,
us_229115,Texas Tech University,得克萨斯理工大学,
us_131283,The Catholic University of America,美国天主教大学,
us_206589,The College of Wooster,伍斯特学院,
us_190372,The Cooper Union for the Advancement of Science and Art,库珀联盟学院,
us_192110,The Juilliard School,茱莉亚学院,
us_193654,The New School,新学院,
us_100751,The University of Alabama,阿拉巴马大学,
us_180489,The University of Montana,蒙大拿大学,
us_137847,The University of Tampa,坦帕大学,
us_221759,The University of Tennessee-Knoxville,田纳西大学诺克斯维尔分校,
us_228769,The University of Texas at Arlington,得克萨斯大学阿灵顿分校,
ut_austin,The University of Texas at Austin,得克萨斯大学奥斯汀分校,
us_228787,The University of Texas at Dallas,得克萨斯大学达拉斯分校,
us_228796,The University of Texas at El Paso,得克萨斯大学埃尔帕索分校,UTEP
us_229027,The University of Texas at San Antonio,得克萨斯大学圣安东尼奥分校,UTSA
us_227368,The University of Texas Rio Grande Valley,得克萨斯大学里奥格兰德河谷分校,
us_130590,Trinity College (Connecticut),三一学院（康涅狄格州）,
us_229267,Trinity University,三一大学（得克萨斯州）,
us_160755,Tulane University of Louisiana,杜兰大学,
us_196866,Union College (New York),联合学院（纽约州）,
us_196088,University at Buffalo,纽约州立大学布法罗分校,
us_200800,University of Akron Main Campus,阿克伦大学,
us_100663,University of Alabama at Birmingham,阿拉巴马大学伯明翰分校,UAB
us_104179,University of Arizona,亚利桑那大学,
us_106397,University of Arkansas,阿肯色大学,
us_445188,"University of California, Merced",加州大学默塞德分校,
us_110671,"University of California, Riverside",加州大学河滨分校,
us_110714,"University of California, Santa Cruz",加州大学圣克鲁兹分校,
us_132903,University of Central Florida,中佛罗里达大学,UCF
us_201885,University of Cincinnati-Main Campus,辛辛那提大学,
us_126614,University of Colorado Boulder,科罗拉多大学博尔德分校,
us_129020,University of Connecticut,康涅狄格大学,
us_224323,University of Dallas,达拉斯大学,
us_202480,University of Dayton,代顿大学,
us_130943,University of Delaware,特拉华大学,UD
us_127060,University of Denver,丹佛大学,
us_134130,University of Florida,佛罗里达大学,
us_139959,University of Georgia,佐治亚大学,
us_141574,University of Hawaii at Manoa,夏威夷大学马诺阿分校,
us_225511,University of Houston,休斯敦大学,UH
us_142285,University of Idaho,爱达荷大学,
us_145600,University of Illinois Chicago,伊利诺伊大学芝加哥分校,
us_148654,University of Illinois Springfield,伊利诺伊大学斯普林菲尔德分校,UIS
us_153658,University of Iowa,爱荷华大学,
us_155317,University of Kansas,堪萨斯大学,
us_157085,University of Kentucky,肯塔基大学,
us_157289,University of Louisville,路易斯维尔大学,
us_161253,University of Maine,缅因大学,
us_163268,University of Maryland-Baltimore County,马里兰大学巴尔的摩县分校,UMBC
maryland,University of Maryland-College Park,马里兰大学帕克分校,
umass_amherst,University of Massachusetts-Amherst,马萨诸塞大学阿默斯特分校,
us_166638,University of Massachusetts-Boston,马萨诸塞大学波士顿分校,
us_135726,University of Miami,迈阿密大学（佛罗里达州）,
us_174233,University of Minnesota-Duluth,明尼苏达大学德卢斯分校,
us_174066,University of Minnesota-Twin Cities,明尼苏达大学双城分校,
us_176017,University of Mississippi,密西西比大学,
us_178396,University of Missouri-Columbia,密苏里大学（哥伦比亚校区）,
us_181464,University of Nebraska-Lincoln,内布拉斯加大学林肯分校,
us_182281,University of Nevada-Las Vegas,内华达大学拉斯维加斯分校,UNLV
us_182290,University of Nevada-Reno,内华达大学里诺分校,
us_183044,University of New Hampshire-Main Campus,新罕布什尔大学,
us_187985,University of New Mexico-Main Campus,新墨西哥大学,UNM
us_199139,University of North Carolina at Charlotte,北卡罗来纳大学夏洛特分校,
us_199218,University of North Carolina Wilmington,北卡罗来纳大学威尔明顿分校,
us_227216,University of North Texas,北得克萨斯大学,
us_207500,University of Oklahoma-Norman Campus,俄克拉荷马大学（诺曼校区）,
us_209551,University of Oregon,俄勒冈大学,UO
us_209825,University of Portland,波特兰大学,
us_236328,University of Puget Sound,普吉特海湾大学,
us_217484,University of Rhode Island,罗德岛大学,URI
us_233374,University of Richmond,里士满大学,
rochester,University of Rochester,罗切斯特大学,
us_122436,University of San Diego,圣迭戈大学,USD
us_122612,University of San Francisco,旧金山大学,
us_218663,University of South Carolina-Columbia,南卡罗来纳大学（哥伦比亚校区）,
us_219471,University of South Dakota,南达科他大学,USD
us_137351,University of South Florida,南佛罗里达大学,
us_230764,University of Utah,犹他大学,
us_231174,University of Vermont,佛蒙特大学,UVM
uw,University of Washington–Seattle,华盛顿大学西雅图分校,
wisconsin,University of Wisconsin-Madison,威斯康星大学麦迪逊分校,
us_240453,University of Wisconsin-Milwaukee,威斯康星大学密尔沃基分校,UWM
us_240727,University of Wyoming,怀俄明大学,UW
us_197133,Vassar College,瓦萨学院,
us_216597,Villanova University,维拉诺瓦大学,
us_233921,Virginia Tech,弗吉尼亚理工大学,
wake_forest,Wake Forest University,维克森林大学,
us_234207,Washington and Lee University,华盛顿与李大学,
us_236939,Washington State University,华盛顿州立大学,
us_172644,Wayne State University,韦恩州立大学,WSU
us_168218,Wellesley College,韦尔斯利学院,
us_130697,Wesleyan University,卫斯理大学,
us_238032,West Virginia University,西弗吉尼亚大学,
us_172699,Western Michigan University,西密歇根大学,WMU
us_168281,Wheaton College (Massachusetts),惠顿学院（马萨诸塞州）,
us_237057,Whitman College,惠特曼学院,
us_156125,Wichita State University,威奇托州立大学,WSU
william_mary,William & Mary,威廉与玛丽学院,
us_168342,Williams College,威廉姆斯学院,
us_218973,Wofford College,沃福德学院,
us_168421,Worcester Polytechnic Institute,伍斯特理工学院,WPI
us_206622,Xavier University,泽维尔大学,
us_197708,Yeshiva University,叶史瓦大学,
bc,Boston College,波士顿学院,
us_151111,Indiana University Indianapolis,印第安纳大学印第安纳波利斯分校,
tufts,Tufts University,塔夫茨大学,
us_102614,University of Alaska Fairbanks,阿拉斯加大学费尔班克斯分校,UAF
uiuc,University of Illinois Urbana-Champaign,伊利诺伊大学厄巴纳-香槟分校,
pitt,University of Pittsburgh-Pittsburgh Campus,匹兹堡大学（匹兹堡校区）,
